audio_path,label,raw_label,speaker_id,severity,is_dysarthric_detected,source_dataset,spectrogram_path
easycall_voicegram_project_workspace/raw_audio/apri_contatti/toy_apri_contatti_0000.wav,apri_contatti,apri_contatti,toy_speaker_0,toy,,toy_synthetic_dataset,easycall_voicegram_project_workspace/spectrogram_arrays/apri_contatti/000000_apri_contatti.npy
easycall_voicegram_project_workspace/raw_audio/apri_contatti/toy_apri_contatti_0001.wav,apri_contatti,apri_contatti,toy_speaker_1,toy,,toy_synthetic_dataset,easycall_voicegram_project_workspace/spectrogram_arrays/apri_contatti/000001_apri_contatti.npy
easycall_voicegram_project_workspace/raw_audio/apri_contatti/toy_apri_contatti_0002.wav,apri_contatti,apri_contatti,toy_speaker_2,toy,,toy_synthetic_dataset,easycall_voicegram_project_workspace/spectrogram_arrays/apri_contatti/000002_apri_contatti.npy
easycall_voicegram_project_workspace/raw_audio/apri_contatti/toy_apri_contatti_0003.wav,apri_contatti,apri_contatti,toy_speaker_3,toy,,toy_synthetic_dataset,easycall_voicegram_project_workspace/spectrogram_arrays/apri_contatti/000003_apri_contatti.npy
easycall_voicegram_project_workspace/raw_audio/apri_contatti/toy_apri_contatti_0004.wav,apri_contatti,apri_contatti,toy_speaker_4,toy,,toy_synthetic_dataset,easycall_voicegram_project_workspace/spectrogram_arrays/apri_contatti/000004_apri_contatti.npy
easycall_voicegram_project_workspace/raw_audio/apri_contatti/toy_apri_contatti_0005.wav,apri_contatti,apri_contatti,toy_speaker_5,toy,,toy_synthetic_dataset,easycall_voicegram_project_workspace/spectrogram_arrays/apri_contatti/000005_apri_contatti.npy
easycall_voicegram_project_workspace/raw_audio/apri_contatti/toy_apri_contatti_0006.wav,apri_contatti,apri_contatti,toy_speaker_0,toy,,toy_synthetic_dataset,easycall_voicegram_project_workspace/spectrogram_arrays/apri_contatti/000006_apri_contatti.npy
easycall_voicegram_project_workspace/raw_audio/apri_contatti/toy_apri_contatti_0007.wav,apri_contatti,apri_contatti,toy_speaker_1,toy,,toy_synthetic_dataset,easycall_voicegram_project_workspace/spectrogram_arrays/apri_contatti/000007_apri_contatti.npy
easycall_voicegram_project_workspace/raw_audio/apri_contatti/toy_apri_contatti_0008.wav,apri_contatti,apri_contatti,toy_speaker_2,toy,,toy_synthetic_dataset,easycall_voicegram_project_workspace/spectrogram_arrays/apri_contatti/000008_apri_contatti.npy
easycall_voicegram_project_workspace/raw_audio/apri_contatti/toy_apri_contatti_0009.wav,apri_contatti,apri_contatti,toy_speaker_3,toy,,toy_synthetic_dataset,easycall_voicegram_project_workspace/spectrogram_arrays/apri_contatti/000009_apri_contatti.npy
easycall_voicegram_project_workspace/raw_audio/apri_contatti/toy_apri_contatti_0010.wav,apri_contatti,apri_contatti,toy_speaker_4,toy,,toy_synthetic_dataset,easycall_voicegram_project_workspace/spectrogram_arrays/apri_contatti/000010_apri_contatti.npy
easycall_voicegram_project_workspace/raw_audio/apri_contatti/toy_apri_contatti_0011.wav,apri_contatti,apri_contatti,toy_speaker_5,toy,,toy_synthetic_dataset,easycall_voicegram_project_workspace/spectrogram_arrays/apri_contatti/000011_apri_contatti.npy
easycall_voicegram_project_workspace/raw_audio/apri_contatti/toy_apri_contatti_0012.wav,apri_contatti,apri_contatti,toy_speaker_0,toy,,toy_synthetic_dataset,easycall_voicegram_project_workspace/spectrogram_arrays/apri_contatti/000012_apri_contatti.npy
easycall_voicegram_project_workspace/raw_audio/apri_contatti/toy_apri_contatti_0013.wav,apri_contatti,apri_contatti,toy_speaker_1,toy,,toy_synthetic_dataset,easycall_voicegram_project_workspace/spectrogram_arrays/apri_contatti/000013_apri_contatti.npy
easycall_voicegram_project_workspace/raw_audio/apri_contatti/toy_apri_contatti_0014.wav,apri_contatti,apri_contatti,toy_speaker_2,toy,,toy_synthetic_dataset,easycall_voicegram_project_workspace/spectrogram_arrays/apri_contatti/000014_apri_contatti.npy
easycall_voicegram_project_workspace/raw_audio/apri_contatti/toy_apri_contatti_0015.wav,apri_contatti,apri_contatti,toy_speaker_3,toy,,toy_synthetic_dataset,easycall_voicegram_project_workspace/spectrogram_arrays/apri_contatti/000015_apri_contatti.npy
easycall_voicegram_project_workspace/raw_audio/apri_contatti/toy_apri_contatti_0016.wav,apri_contatti,apri_contatti,toy_speaker_4,toy,,toy_synthetic_dataset,easycall_voicegram_project_workspace/spectrogram_arrays/apri_contatti/000016_apri_contatti.npy
easycall_voicegram_project_workspace/raw_audio/apri_contatti/toy_apri_contatti_0017.wav,apri_contatti,apri_contatti,toy_speaker_5,toy,,toy_synthetic_dataset,easycall_voicegram_project_workspace/spectrogram_arrays/apri_contatti/000017_apri_contatti.npy
easycall_voicegram_project_workspace/raw_audio/apri_contatti/toy_apri_contatti_0018.wav,apri_contatti,apri_contatti,toy_speaker_0,toy,,toy_synthetic_dataset,easycall_voicegram_project_workspace/spectrogram_arrays/apri_contatti/000018_apri_contatti.npy
easycall_voicegram_project_workspace/raw_audio/apri_contatti/toy_apri_contatti_0019.wav,apri_contatti,apri_contatti,toy_speaker_1,toy,,toy_synthetic_dataset,easycall_voicegram_project_workspace/spectrogram_arrays/apri_contatti/000019_apri_contatti.npy
easycall_voicegram_project_workspace/raw_audio/apri_contatti/toy_apri_contatti_0020.wav,apri_contatti,apri_contatti,toy_speaker_2,toy,,toy_synthetic_dataset,easycall_voicegram_project_workspace/spectrogram_arrays/apri_contatti/000020_apri_contatti.npy
easycall_voicegram_project_workspace/raw_audio/apri_contatti/toy_apri_contatti_0021.wav,apri_contatti,apri_contatti,toy_speaker_3,toy,,toy_synthetic_dataset,easycall_voicegram_project_workspace/spectrogram_arrays/apri_contatti/000021_apri_contatti.npy
easycall_voicegram_project_workspace/raw_audio/apri_contatti/toy_apri_contatti_0022.wav,apri_contatti,apri_contatti,toy_speaker_4,toy,,toy_synthetic_dataset,easycall_voicegram_project_workspace/spectrogram_arrays/apri_contatti/000022_apri_contatti.npy
easycall_voicegram_project_workspace/raw_audio/apri_contatti/toy_apri_contatti_0023.wav,apri_contatti,apri_contatti,toy_speaker_5,toy,,toy_synthetic_dataset,easycall_voicegram_project_workspace/spectrogram_arrays/apri_contatti/000023_apri_contatti.npy
easycall_voicegram_project_workspace/raw_audio/apri_contatti/toy_apri_contatti_0024.wav,apri_contatti,apri_contatti,toy_speaker_0,toy,,toy_synthetic_dataset,easycall_voicegram_project_workspace/spectrogram_arrays/apri_contatti/000024_apri_contatti.npy
easycall_voicegram_project_workspace/raw_audio/apri_contatti/toy_apri_contatti_0025.wav,apri_contatti,apri_contatti,toy_speaker_1,toy,,toy_synthetic_dataset,easycall_voicegram_project_workspace/spectrogram_arrays/apri_contatti/000025_apri_contatti.npy
easycall_voicegram_project_workspace/raw_audio/apri_contatti/toy_apri_contatti_0026.wav,apri_contatti,apri_contatti,toy_speaker_2,toy,,toy_synthetic_dataset,easycall_voicegram_project_workspace/spectrogram_arrays/apri_contatti/000026_apri_contatti.npy
easycall_voicegram_project_workspace/raw_audio/apri_contatti/toy_apri_contatti_0027.wav,apri_contatti,apri_contatti,toy_speaker_3,toy,,toy_synthetic_dataset,easycall_voicegram_project_workspace/spectrogram_arrays/apri_contatti/000027_apri_contatti.npy
easycall_voicegram_project_workspace/raw_audio/apri_contatti/toy_apri_contatti_0028.wav,apri_contatti,apri_contatti,toy_speaker_4,toy,,toy_synthetic_dataset,easycall_voicegram_project_workspace/spectrogram_arrays/apri_contatti/000028_apri_contatti.npy
easycall_voicegram_project_workspace/raw_audio/apri_contatti/toy_apri_contatti_0029.wav,apri_contatti,apri_contatti,toy_speaker_5,toy,,toy_synthetic_dataset,easycall_voicegram_project_workspace/spectrogram_arrays/apri_contatti/000029_apri_contatti.npy
easycall_voicegram_project_workspace/raw_audio/apri_contatti/toy_apri_contatti_0030.wav,apri_contatti,apri_contatti,toy_speaker_0,toy,,toy_synthetic_dataset,easycall_voicegram_project_workspace/spectrogram_arrays/apri_contatti/000030_apri_contatti.npy
easycall_voicegram_project_workspace/raw_audio/apri_contatti/toy_apri_contatti_0031.wav,apri_contatti,apri_contatti,toy_speaker_1,toy,,toy_synthetic_dataset,easycall_voicegram_project_workspace/spectrogram_arrays/apri_contatti/000031_apri_contatti.npy
easycall_voicegram_project_workspace/raw_audio/apri_contatti/toy_apri_contatti_0032.wav,apri_contatti,apri_contatti,toy_speaker_2,toy,,toy_synthetic_dataset,easycall_voicegram_project_workspace/spectrogram_arrays/apri_contatti/000032_apri_contatti.npy
easycall_voicegram_project_workspace/raw_audio/apri_contatti/toy_apri_contatti_0033.wav,apri_contatti,apri_contatti,toy_speaker_3,toy,,toy_synthetic_dataset,easycall_voicegram_project_workspace/spectrogram_arrays/apri_contatti/000033_apri_contatti.npy
easycall_voicegram_project_workspace/raw_audio/apri_contatti/toy_apri_contatti_0034.wav,apri_contatti,apri_contatti,toy_speaker_4,toy,,toy_synthetic_dataset,easycall_voicegram_project_workspace/spectrogram_arrays/apri_contatti/000034_apri_contatti.npy
easycall_voicegram_project_workspace/raw_audio/apri_contatti/toy_apri_contatti_0035.wav,apri_contatti,apri_contatti,toy_speaker_5,toy,,toy_synthetic_dataset,easycall_voicegram_project_workspace/spectrogram_arrays/apri_contatti/000035_apri_contatti.npy
easycall_voicegram_project_workspace/raw_audio/apri_contatti/toy_apri_contatti_0036.wav,apri_contatti,apri_contatti,toy_speaker_0,toy,,toy_synthetic_dataset,easycall_voicegram_project_workspace/spectrogram_arrays/apri_contatti/000036_apri_contatti.npy
easycall_voicegram_project_workspace/raw_audio/apri_contatti/toy_apri_contatti_0037.wav,apri_contatti,apri_contatti,toy_speaker_1,toy,,toy_synthetic_dataset,easycall_voicegram_project_workspace/spectrogram_arrays/apri_contatti/000037_apri_contatti.npy
easycall_voicegram_project_workspace/raw_audio/apri_contatti/toy_apri_contatti_0038.wav,apri_contatti,apri_contatti,toy_speaker_2,toy,,toy_synthetic_dataset,easycall_voicegram_project_workspace/spectrogram_arrays/apri_contatti/000038_apri_contatti.npy
easycall_voicegram_project_workspace/raw_audio/apri_contatti/toy_apri_contatti_0039.wav,apri_contatti,apri_contatti,toy_speaker_3,toy,,toy_synthetic_dataset,easycall_voicegram_project_workspace/spectrogram_arrays/apri_contatti/000039_apri_contatti.npy
easycall_voicegram_project_workspace/raw_audio/chiama/toy_chiama_0000.wav,chiama,chiama,toy_speaker_0,toy,,toy_synthetic_dataset,easycall_voicegram_project_workspace/spectrogram_arrays/chiama/000040_chiama.npy
easycall_voicegram_project_workspace/raw_audio/chiama/toy_chiama_0001.wav,chiama,chiama,toy_speaker_1,toy,,toy_synthetic_dataset,easycall_voicegram_project_workspace/spectrogram_arrays/chiama/000041_chiama.npy
easycall_voicegram_project_workspace/raw_audio/chiama/toy_chiama_0002.wav,chiama,chiama,toy_speaker_2,toy,,toy_synthetic_dataset,easycall_voicegram_project_workspace/spectrogram_arrays/chiama/000042_chiama.npy
easycall_voicegram_project_workspace/raw_audio/chiama/toy_chiama_0003.wav,chiama,chiama,toy_speaker_3,toy,,toy_synthetic_dataset,easycall_voicegram_project_workspace/spectrogram_arrays/chiama/000043_chiama.npy
easycall_voicegram_project_workspace/raw_audio/chiama/toy_chiama_0004.wav,chiama,chiama,toy_speaker_4,toy,,toy_synthetic_dataset,easycall_voicegram_project_workspace/spectrogram_arrays/chiama/000044_chiama.npy
easycall_voicegram_project_workspace/raw_audio/chiama/toy_chiama_0005.wav,chiama,chiama,toy_speaker_5,toy,,toy_synthetic_dataset,easycall_voicegram_project_workspace/spectrogram_arrays/chiama/000045_chiama.npy
easycall_voicegram_project_workspace/raw_audio/chiama/toy_chiama_0006.wav,chiama,chiama,toy_speaker_0,toy,,toy_synthetic_dataset,easycall_voicegram_project_workspace/spectrogram_arrays/chiama/000046_chiama.npy
easycall_voicegram_project_workspace/raw_audio/chiama/toy_chiama_0007.wav,chiama,chiama,toy_speaker_1,toy,,toy_synthetic_dataset,easycall_voicegram_project_workspace/spectrogram_arrays/chiama/000047_chiama.npy
easycall_voicegram_project_workspace/raw_audio/chiama/toy_chiama_0008.wav,chiama,chiama,toy_speaker_2,toy,,toy_synthetic_dataset,easycall_voicegram_project_workspace/spectrogram_arrays/chiama/000048_chiama.npy
easycall_voicegram_project_workspace/raw_audio/chiama/toy_chiama_0009.wav,chiama,chiama,toy_speaker_3,toy,,toy_synthetic_dataset,easycall_voicegram_project_workspace/spectrogram_arrays/chiama/000049_chiama.npy
easycall_voicegram_project_workspace/raw_audio/chiama/toy_chiama_0010.wav,chiama,chiama,toy_speaker_4,toy,,toy_synthetic_dataset,easycall_voicegram_project_workspace/spectrogram_arrays/chiama/000050_chiama.npy
easycall_voicegram_project_workspace/raw_audio/chiama/toy_chiama_0011.wav,chiama,chiama,toy_speaker_5,toy,,toy_synthetic_dataset,easycall_voicegram_project_workspace/spectrogram_arrays/chiama/000051_chiama.npy
easycall_voicegram_project_workspace/raw_audio/chiama/toy_chiama_0012.wav,chiama,chiama,toy_speaker_0,toy,,toy_synthetic_dataset,easycall_voicegram_project_workspace/spectrogram_arrays/chiama/000052_chiama.npy
easycall_voicegram_project_workspace/raw_audio/chiama/toy_chiama_0013.wav,chiama,chiama,toy_speaker_1,toy,,toy_synthetic_dataset,easycall_voicegram_project_workspace/spectrogram_arrays/chiama/000053_chiama.npy
easycall_voicegram_project_workspace/raw_audio/chiama/toy_chiama_0014.wav,chiama,chiama,toy_speaker_2,toy,,toy_synthetic_dataset,easycall_voicegram_project_workspace/spectrogram_arrays/chiama/000054_chiama.npy
easycall_voicegram_project_workspace/raw_audio/chiama/toy_chiama_0015.wav,chiama,chiama,toy_speaker_3,toy,,toy_synthetic_dataset,easycall_voicegram_project_workspace/spectrogram_arrays/chiama/000055_chiama.npy
easycall_voicegram_project_workspace/raw_audio/chiama/toy_chiama_0016.wav,chiama,chiama,toy_speaker_4,toy,,toy_synthetic_dataset,easycall_voicegram_project_workspace/spectrogram_arrays/chiama/000056_chiama.npy
easycall_voicegram_project_workspace/raw_audio/chiama/toy_chiama_0017.wav,chiama,chiama,toy_speaker_5,toy,,toy_synthetic_dataset,easycall_voicegram_project_workspace/spectrogram_arrays/chiama/000057_chiama.npy
easycall_voicegram_project_workspace/raw_audio/chiama/toy_chiama_0018.wav,chiama,chiama,toy_speaker_0,toy,,toy_synthetic_dataset,easycall_voicegram_project_workspace/spectrogram_arrays/chiama/000058_chiama.npy
easycall_voicegram_project_workspace/raw_audio/chiama/toy_chiama_0019.wav,chiama,chiama,toy_speaker_1,toy,,toy_synthetic_dataset,easycall_voicegram_project_workspace/spectrogram_arrays/chiama/000059_chiama.npy
easycall_voicegram_project_workspace/raw_audio/chiama/toy_chiama_0020.wav,chiama,chiama,toy_speaker_2,toy,,toy_synthetic_dataset,easycall_voicegram_project_workspace/spectrogram_arrays/chiama/000060_chiama.npy
easycall_voicegram_project_workspace/raw_audio/chiama/toy_chiama_0021.wav,chiama,chiama,toy_speaker_3,toy,,toy_synthetic_dataset,easycall_voicegram_project_workspace/spectrogram_arrays/chiama/000061_chiama.npy
easycall_voicegram_project_workspace/raw_audio/chiama/toy_chiama_0022.wav,chiama,chiama,toy_speaker_4,toy,,toy_synthetic_dataset,easycall_voicegram_project_workspace/spectrogram_arrays/chiama/000062_chiama.npy
easycall_voicegram_project_workspace/raw_audio/chiama/toy_chiama_0023.wav,chiama,chiama,toy_speaker_5,toy,,toy_synthetic_dataset,easycall_voicegram_project_workspace/spectrogram_arrays/chiama/000063_chiama.npy
easycall_voicegram_project_workspace/raw_audio/chiama/toy_chiama_0024.wav,chiama,chiama,toy_speaker_0,toy,,toy_synthetic_dataset,easycall_voicegram_project_workspace/spectrogram_arrays/chiama/000064_chiama.npy
easycall_voicegram_project_workspace/raw_audio/chiama/toy_chiama_0025.wav,chiama,chiama,toy_speaker_1,toy,,toy_synthetic_dataset,easycall_voicegram_project_workspace/spectrogram_arrays/chiama/000065_chiama.npy
easycall_voicegram_project_workspace/raw_audio/chiama/toy_chiama_0026.wav,chiama,chiama,toy_speaker_2,toy,,toy_synthetic_dataset,easycall_voicegram_project_workspace/spectrogram_arrays/chiama/000066_chiama.npy
easycall_voicegram_project_workspace/raw_audio/chiama/toy_chiama_0027.wav,chiama,chiama,toy_speaker_3,toy,,toy_synthetic_dataset,easycall_voicegram_project_workspace/spectrogram_arrays/chiama/000067_chiama.npy
easycall_voicegram_project_workspace/raw_audio/chiama/toy_chiama_0028.wav,chiama,chiama,toy_speaker_4,toy,,toy_synthetic_dataset,easycall_voicegram_project_workspace/spectrogram_arrays/chiama/000068_chiama.npy
easycall_voicegram_project_workspace/raw_audio/chiama/toy_chiama_0029.wav,chiama,chiama,toy_speaker_5,toy,,toy_synthetic_dataset,easycall_voicegram_project_workspace/spectrogram_arrays/chiama/000069_chiama.npy
easycall_voicegram_project_workspace/raw_audio/chiama/toy_chiama_0030.wav,chiama,chiama,toy_speaker_0,toy,,toy_synthetic_dataset,easycall_voicegram_project_workspace/spectrogram_arrays/chiama/000070_chiama.npy
easycall_voicegram_project_workspace/raw_audio/chiama/toy_chiama_0031.wav,chiama,chiama,toy_speaker_1,toy,,toy_synthetic_dataset,easycall_voicegram_project_workspace/spectrogram_arrays/chiama/000071_chiama.npy
easycall_voicegram_project_workspace/raw_audio/chiama/toy_chiama_0032.wav,chiama,chiama,toy_speaker_2,toy,,toy_synthetic_dataset,easycall_voicegram_project_workspace/spectrogram_arrays/chiama/000072_chiama.npy
easycall_voicegram_project_workspace/raw_audio/chiama/toy_chiama_0033.wav,chiama,chiama,toy_speaker_3,toy,,toy_synthetic_dataset,easycall_voicegram_project_workspace/spectrogram_arrays/chiama/000073_chiama.npy
easycall_voicegram_project_workspace/raw_audio/chiama/toy_chiama_0034.wav,chiama,chiama,toy_speaker_4,toy,,toy_synthetic_dataset,easycall_voicegram_project_workspace/spectrogram_arrays/chiama/000074_chiama.npy
easycall_voicegram_project_workspace/raw_audio/chiama/toy_chiama_0035.wav,chiama,chiama,toy_speaker_5,toy,,toy_synthetic_dataset,easycall_voicegram_project_workspace/spectrogram_arrays/chiama/000075_chiama.npy
easycall_voicegram_project_workspace/raw_audio/chiama/toy_chiama_0036.wav,chiama,chiama,toy_speaker_0,toy,,toy_synthetic_dataset,easycall_voicegram_project_workspace/spectrogram_arrays/chiama/000076_chiama.npy
easycall_voicegram_project_workspace/raw_audio/chiama/toy_chiama_0037.wav,chiama,chiama,toy_speaker_1,toy,,toy_synthetic_dataset,easycall_voicegram_project_workspace/spectrogram_arrays/chiama/000077_chiama.npy
easycall_voicegram_project_workspace/raw_audio/chiama/toy_chiama_0038.wav,chiama,chiama,toy_speaker_2,toy,,toy_synthetic_dataset,easycall_voicegram_project_workspace/spectrogram_arrays/chiama/000078_chiama.npy
easycall_voicegram_project_workspace/raw_audio/chiama/toy_chiama_0039.wav,chiama,chiama,toy_speaker_3,toy,,toy_synthetic_dataset,easycall_voicegram_project_workspace/spectrogram_arrays/chiama/000079_chiama.npy
easycall_voicegram_project_workspace/raw_audio/fine_chiamata/toy_fine_chiamata_0000.wav,fine_chiamata,fine_chiamata,toy_speaker_0,toy,,toy_synthetic_dataset,easycall_voicegram_project_workspace/spectrogram_arrays/fine_chiamata/000080_fine_chiamata.npy
easycall_voicegram_project_workspace/raw_audio/fine_chiamata/toy_fine_chiamata_0001.wav,fine_chiamata,fine_chiamata,toy_speaker_1,toy,,toy_synthetic_dataset,easycall_voicegram_project_workspace/spectrogram_arrays/fine_chiamata/000081_fine_chiamata.npy
easycall_voicegram_project_workspace/raw_audio/fine_chiamata/toy_fine_chiamata_0002.wav,fine_chiamata,fine_chiamata,toy_speaker_2,toy,,toy_synthetic_dataset,easycall_voicegram_project_workspace/spectrogram_arrays/fine_chiamata/000082_fine_chiamata.npy
easycall_voicegram_project_workspace/raw_audio/fine_chiamata/toy_fine_chiamata_0003.wav,fine_chiamata,fine_chiamata,toy_speaker_3,toy,,toy_synthetic_dataset,easycall_voicegram_project_workspace/spectrogram_arrays/fine_chiamata/000083_fine_chiamata.npy
easycall_voicegram_project_workspace/raw_audio/fine_chiamata/toy_fine_chiamata_0004.wav,fine_chiamata,fine_chiamata,toy_speaker_4,toy,,toy_synthetic_dataset,easycall_voicegram_project_workspace/spectrogram_arrays/fine_chiamata/000084_fine_chiamata.npy
easycall_voicegram_project_workspace/raw_audio/fine_chiamata/toy_fine_chiamata_0005.wav,fine_chiamata,fine_chiamata,toy_speaker_5,toy,,toy_synthetic_dataset,easycall_voicegram_project_workspace/spectrogram_arrays/fine_chiamata/000085_fine_chiamata.npy
easycall_voicegram_project_workspace/raw_audio/fine_chiamata/toy_fine_chiamata_0006.wav,fine_chiamata,fine_chiamata,toy_speaker_0,toy,,toy_synthetic_dataset,easycall_voicegram_project_workspace/spectrogram_arrays/fine_chiamata/000086_fine_chiamata.npy
easycall_voicegram_project_workspace/raw_audio/fine_chiamata/toy_fine_chiamata_0007.wav,fine_chiamata,fine_chiamata,toy_speaker_1,toy,,toy_synthetic_dataset,easycall_voicegram_project_workspace/spectrogram_arrays/fine_chiamata/000087_fine_chiamata.npy
easycall_voicegram_project_workspace/raw_audio/fine_chiamata/toy_fine_chiamata_0008.wav,fine_chiamata,fine_chiamata,toy_speaker_2,toy,,toy_synthetic_dataset,easycall_voicegram_project_workspace/spectrogram_arrays/fine_chiamata/000088_fine_chiamata.npy
easycall_voicegram_project_workspace/raw_audio/fine_chiamata/toy_fine_chiamata_0009.wav,fine_chiamata,fine_chiamata,toy_speaker_3,toy,,toy_synthetic_dataset,easycall_voicegram_project_workspace/spectrogram_arrays/fine_chiamata/000089_fine_chiamata.npy
easycall_voicegram_project_workspace/raw_audio/fine_chiamata/toy_fine_chiamata_0010.wav,fine_chiamata,fine_chiamata,toy_speaker_4,toy,,toy_synthetic_dataset,easycall_voicegram_project_workspace/spectrogram_arrays/fine_chiamata/000090_fine_chiamata.npy
easycall_voicegram_project_workspace/raw_audio/fine_chiamata/toy_fine_chiamata_0011.wav,fine_chiamata,fine_chiamata,toy_speaker_5,toy,,toy_synthetic_dataset,easycall_voicegram_project_workspace/spectrogram_arrays/fine_chiamata/000091_fine_chiamata.npy
easycall_voicegram_project_workspace/raw_audio/fine_chiamata/toy_fine_chiamata_0012.wav,fine_chiamata,fine_chiamata,toy_speaker_0,toy,,toy_synthetic_dataset,easycall_voicegram_project_workspace/spectrogram_arrays/fine_chiamata/000092_fine_chiamata.npy
easycall_voicegram_project_workspace/raw_audio/fine_chiamata/toy_fine_chiamata_0013.wav,fine_chiamata,fine_chiamata,toy_speaker_1,toy,,toy_synthetic_dataset,easycall_voicegram_project_workspace/spectrogram_arrays/fine_chiamata/000093_fine_chiamata.npy
easycall_voicegram_project_workspace/raw_audio/fine_chiamata/toy_fine_chiamata_0014.wav,fine_chiamata,fine_chiamata,toy_speaker_2,toy,,toy_synthetic_dataset,easycall_voicegram_project_workspace/spectrogram_arrays/fine_chiamata/000094_fine_chiamata.npy
easycall_voicegram_project_workspace/raw_audio/fine_chiamata/toy_fine_chiamata_0015.wav,fine_chiamata,fine_chiamata,toy_speaker_3,toy,,toy_synthetic_dataset,easycall_voicegram_project_workspace/spectrogram_arrays/fine_chiamata/000095_fine_chiamata.npy
easycall_voicegram_project_workspace/raw_audio/fine_chiamata/toy_fine_chiamata_0016.wav,fine_chiamata,fine_chiamata,toy_speaker_4,toy,,toy_synthetic_dataset,easycall_voicegram_project_workspace/spectrogram_arrays/fine_chiamata/000096_fine_chiamata.npy
easycall_voicegram_project_workspace/raw_audio/fine_chiamata/toy_fine_chiamata_0017.wav,fine_chiamata,fine_chiamata,toy_speaker_5,toy,,toy_synthetic_dataset,easycall_voicegram_project_workspace/spectrogram_arrays/fine_chiamata/000097_fine_chiamata.npy
easycall_voicegram_project_workspace/raw_audio/fine_chiamata/toy_fine_chiamata_0018.wav,fine_chiamata,fine_chiamata,toy_speaker_0,toy,,toy_synthetic_dataset,easycall_voicegram_project_workspace/spectrogram_arrays/fine_chiamata/000098_fine_chiamata.npy
easycall_voicegram_project_workspace/raw_audio/fine_chiamata/toy_fine_chiamata_0019.wav,fine_chiamata,fine_chiamata,toy_speaker_1,toy,,toy_synthetic_dataset,easycall_voicegram_project_workspace/spectrogram_arrays/fine_chiamata/000099_fine_chiamata.npy
easycall_voicegram_project_workspace/raw_audio/fine_chiamata/toy_fine_chiamata_0020.wav,fine_chiamata,fine_chiamata,toy_speaker_2,toy,,toy_synthetic_dataset,easycall_voicegram_project_workspace/spectrogram_arrays/fine_chiamata/000100_fine_chiamata.npy
easycall_voicegram_project_workspace/raw_audio/fine_chiamata/toy_fine_chiamata_0021.wav,fine_chiamata,fine_chiamata,toy_speaker_3,toy,,toy_synthetic_dataset,easycall_voicegram_project_workspace/spectrogram_arrays/fine_chiamata/000101_fine_chiamata.npy
easycall_voicegram_project_workspace/raw_audio/fine_chiamata/toy_fine_chiamata_0022.wav,fine_chiamata,fine_chiamata,toy_speaker_4,toy,,toy_synthetic_dataset,easycall_voicegram_project_workspace/spectrogram_arrays/fine_chiamata/000102_fine_chiamata.npy
easycall_voicegram_project_workspace/raw_audio/fine_chiamata/toy_fine_chiamata_0023.wav,fine_chiamata,fine_chiamata,toy_speaker_5,toy,,toy_synthetic_dataset,easycall_voicegram_project_workspace/spectrogram_arrays/fine_chiamata/000103_fine_chiamata.npy
easycall_voicegram_project_workspace/raw_audio/fine_chiamata/toy_fine_chiamata_0024.wav,fine_chiamata,fine_chiamata,toy_speaker_0,toy,,toy_synthetic_dataset,easycall_voicegram_project_workspace/spectrogram_arrays/fine_chiamata/000104_fine_chiamata.npy
easycall_voicegram_project_workspace/raw_audio/fine_chiamata/toy_fine_chiamata_0025.wav,fine_chiamata,fine_chiamata,toy_speaker_1,toy,,toy_synthetic_dataset,easycall_voicegram_project_workspace/spectrogram_arrays/fine_chiamata/000105_fine_chiamata.npy
easycall_voicegram_project_workspace/raw_audio/fine_chiamata/toy_fine_chiamata_0026.wav,fine_chiamata,fine_chiamata,toy_speaker_2,toy,,toy_synthetic_dataset,easycall_voicegram_project_workspace/spectrogram_arrays/fine_chiamata/000106_fine_chiamata.npy
easycall_voicegram_project_workspace/raw_audio/fine_chiamata/toy_fine_chiamata_0027.wav,fine_chiamata,fine_chiamata,toy_speaker_3,toy,,toy_synthetic_dataset,easycall_voicegram_project_workspace/spectrogram_arrays/fine_chiamata/000107_fine_chiamata.npy
easycall_voicegram_project_workspace/raw_audio/fine_chiamata/toy_fine_chiamata_0028.wav,fine_chiamata,fine_chiamata,toy_speaker_4,toy,,toy_synthetic_dataset,easycall_voicegram_project_workspace/spectrogram_arrays/fine_chiamata/000108_fine_chiamata.npy
easycall_voicegram_project_workspace/raw_audio/fine_chiamata/toy_fine_chiamata_0029.wav,fine_chiamata,fine_chiamata,toy_speaker_5,toy,,toy_synthetic_dataset,easycall_voicegram_project_workspace/spectrogram_arrays/fine_chiamata/000109_fine_chiamata.npy
easycall_voicegram_project_workspace/raw_audio/fine_chiamata/toy_fine_chiamata_0030.wav,fine_chiamata,fine_chiamata,toy_speaker_0,toy,,toy_synthetic_dataset,easycall_voicegram_project_workspace/spectrogram_arrays/fine_chiamata/000110_fine_chiamata.npy
easycall_voicegram_project_workspace/raw_audio/fine_chiamata/toy_fine_chiamata_0031.wav,fine_chiamata,fine_chiamata,toy_speaker_1,toy,,toy_synthetic_dataset,easycall_voicegram_project_workspace/spectrogram_arrays/fine_chiamata/000111_fine_chiamata.npy
easycall_voicegram_project_workspace/raw_audio/fine_chiamata/toy_fine_chiamata_0032.wav,fine_chiamata,fine_chiamata,toy_speaker_2,toy,,toy_synthetic_dataset,easycall_voicegram_project_workspace/spectrogram_arrays/fine_chiamata/000112_fine_chiamata.npy
easycall_voicegram_project_workspace/raw_audio/fine_chiamata/toy_fine_chiamata_0033.wav,fine_chiamata,fine_chiamata,toy_speaker_3,toy,,toy_synthetic_dataset,easycall_voicegram_project_workspace/spectrogram_arrays/fine_chiamata/000113_fine_chiamata.npy
easycall_voicegram_project_workspace/raw_audio/fine_chiamata/toy_fine_chiamata_0034.wav,fine_chiamata,fine_chiamata,toy_speaker_4,toy,,toy_synthetic_dataset,easycall_voicegram_project_workspace/spectrogram_arrays/fine_chiamata/000114_fine_chiamata.npy
easycall_voicegram_project_workspace/raw_audio/fine_chiamata/toy_fine_chiamata_0035.wav,fine_chiamata,fine_chiamata,toy_speaker_5,toy,,toy_synthetic_dataset,easycall_voicegram_project_workspace/spectrogram_arrays/fine_chiamata/000115_fine_chiamata.npy
easycall_voicegram_project_workspace/raw_audio/fine_chiamata/toy_fine_chiamata_0036.wav,fine_chiamata,fine_chiamata,toy_speaker_0,toy,,toy_synthetic_dataset,easycall_voicegram_project_workspace/spectrogram_arrays/fine_chiamata/000116_fine_chiamata.npy
easycall_voicegram_project_workspace/raw_audio/fine_chiamata/toy_fine_chiamata_0037.wav,fine_chiamata,fine_chiamata,toy_speaker_1,toy,,toy_synthetic_dataset,easycall_voicegram_project_workspace/spectrogram_arrays/fine_chiamata/000117_fine_chiamata.npy
easycall_voicegram_project_workspace/raw_audio/fine_chiamata/toy_fine_chiamata_0038.wav,fine_chiamata,fine_chiamata,toy_speaker_2,toy,,toy_synthetic_dataset,easycall_voicegram_project_workspace/spectrogram_arrays/fine_chiamata/000118_fine_chiamata.npy
easycall_voicegram_project_workspace/raw_audio/fine_chiamata/toy_fine_chiamata_0039.wav,fine_chiamata,fine_chiamata,toy_speaker_3,toy,,toy_synthetic_dataset,easycall_voicegram_project_workspace/spectrogram_arrays/fine_chiamata/000119_fine_chiamata.npy
easycall_voicegram_project_workspace/raw_audio/messaggio/toy_messaggio_0000.wav,messaggio,messaggio,toy_speaker_0,toy,,toy_synthetic_dataset,easycall_voicegram_project_workspace/spectrogram_arrays/messaggio/000120_messaggio.npy
easycall_voicegram_project_workspace/raw_audio/messaggio/toy_messaggio_0001.wav,messaggio,messaggio,toy_speaker_1,toy,,toy_synthetic_dataset,easycall_voicegram_project_workspace/spectrogram_arrays/messaggio/000121_messaggio.npy
easycall_voicegram_project_workspace/raw_audio/messaggio/toy_messaggio_0002.wav,messaggio,messaggio,toy_speaker_2,toy,,toy_synthetic_dataset,easycall_voicegram_project_workspace/spectrogram_arrays/messaggio/000122_messaggio.npy
easycall_voicegram_project_workspace/raw_audio/messaggio/toy_messaggio_0003.wav,messaggio,messaggio,toy_speaker_3,toy,,toy_synthetic_dataset,easycall_voicegram_project_workspace/spectrogram_arrays/messaggio/000123_messaggio.npy
easycall_voicegram_project_workspace/raw_audio/messaggio/toy_messaggio_0004.wav,messaggio,messaggio,toy_speaker_4,toy,,toy_synthetic_dataset,easycall_voicegram_project_workspace/spectrogram_arrays/messaggio/000124_messaggio.npy
easycall_voicegram_project_workspace/raw_audio/messaggio/toy_messaggio_0005.wav,messaggio,messaggio,toy_speaker_5,toy,,toy_synthetic_dataset,easycall_voicegram_project_workspace/spectrogram_arrays/messaggio/000125_messaggio.npy
easycall_voicegram_project_workspace/raw_audio/messaggio/toy_messaggio_0006.wav,messaggio,messaggio,toy_speaker_0,toy,,toy_synthetic_dataset,easycall_voicegram_project_workspace/spectrogram_arrays/messaggio/000126_messaggio.npy
easycall_voicegram_project_workspace/raw_audio/messaggio/toy_messaggio_0007.wav,messaggio,messaggio,toy_speaker_1,toy,,toy_synthetic_dataset,easycall_voicegram_project_workspace/spectrogram_arrays/messaggio/000127_messaggio.npy
easycall_voicegram_project_workspace/raw_audio/messaggio/toy_messaggio_0008.wav,messaggio,messaggio,toy_speaker_2,toy,,toy_synthetic_dataset,easycall_voicegram_project_workspace/spectrogram_arrays/messaggio/000128_messaggio.npy
easycall_voicegram_project_workspace/raw_audio/messaggio/toy_messaggio_0009.wav,messaggio,messaggio,toy_speaker_3,toy,,toy_synthetic_dataset,easycall_voicegram_project_workspace/spectrogram_arrays/messaggio/000129_messaggio.npy
easycall_voicegram_project_workspace/raw_audio/messaggio/toy_messaggio_0010.wav,messaggio,messaggio,toy_speaker_4,toy,,toy_synthetic_dataset,easycall_voicegram_project_workspace/spectrogram_arrays/messaggio/000130_messaggio.npy
easycall_voicegram_project_workspace/raw_audio/messaggio/toy_messaggio_0011.wav,messaggio,messaggio,toy_speaker_5,toy,,toy_synthetic_dataset,easycall_voicegram_project_workspace/spectrogram_arrays/messaggio/000131_messaggio.npy
easycall_voicegram_project_workspace/raw_audio/messaggio/toy_messaggio_0012.wav,messaggio,messaggio,toy_speaker_0,toy,,toy_synthetic_dataset,easycall_voicegram_project_workspace/spectrogram_arrays/messaggio/000132_messaggio.npy
easycall_voicegram_project_workspace/raw_audio/messaggio/toy_messaggio_0013.wav,messaggio,messaggio,toy_speaker_1,toy,,toy_synthetic_dataset,easycall_voicegram_project_workspace/spectrogram_arrays/messaggio/000133_messaggio.npy
easycall_voicegram_project_workspace/raw_audio/messaggio/toy_messaggio_0014.wav,messaggio,messaggio,toy_speaker_2,toy,,toy_synthetic_dataset,easycall_voicegram_project_workspace/spectrogram_arrays/messaggio/000134_messaggio.npy
easycall_voicegram_project_workspace/raw_audio/messaggio/toy_messaggio_0015.wav,messaggio,messaggio,toy_speaker_3,toy,,toy_synthetic_dataset,easycall_voicegram_project_workspace/spectrogram_arrays/messaggio/000135_messaggio.npy
easycall_voicegram_project_workspace/raw_audio/messaggio/toy_messaggio_0016.wav,messaggio,messaggio,toy_speaker_4,toy,,toy_synthetic_dataset,easycall_voicegram_project_workspace/spectrogram_arrays/messaggio/000136_messaggio.npy
easycall_voicegram_project_workspace/raw_audio/messaggio/toy_messaggio_0017.wav,messaggio,messaggio,toy_speaker_5,toy,,toy_synthetic_dataset,easycall_voicegram_project_workspace/spectrogram_arrays/messaggio/000137_messaggio.npy
easycall_voicegram_project_workspace/raw_audio/messaggio/toy_messaggio_0018.wav,messaggio,messaggio,toy_speaker_0,toy,,toy_synthetic_dataset,easycall_voicegram_project_workspace/spectrogram_arrays/messaggio/000138_messaggio.npy
easycall_voicegram_project_workspace/raw_audio/messaggio/toy_messaggio_0019.wav,messaggio,messaggio,toy_speaker_1,toy,,toy_synthetic_dataset,easycall_voicegram_project_workspace/spectrogram_arrays/messaggio/000139_messaggio.npy
easycall_voicegram_project_workspace/raw_audio/messaggio/toy_messaggio_0020.wav,messaggio,messaggio,toy_speaker_2,toy,,toy_synthetic_dataset,easycall_voicegram_project_workspace/spectrogram_arrays/messaggio/000140_messaggio.npy
easycall_voicegram_project_workspace/raw_audio/messaggio/toy_messaggio_0021.wav,messaggio,messaggio,toy_speaker_3,toy,,toy_synthetic_dataset,easycall_voicegram_project_workspace/spectrogram_arrays/messaggio/000141_messaggio.npy
easycall_voicegram_project_workspace/raw_audio/messaggio/toy_messaggio_0022.wav,messaggio,messaggio,toy_speaker_4,toy,,toy_synthetic_dataset,easycall_voicegram_project_workspace/spectrogram_arrays/messaggio/000142_messaggio.npy
easycall_voicegram_project_workspace/raw_audio/messaggio/toy_messaggio_0023.wav,messaggio,messaggio,toy_speaker_5,toy,,toy_synthetic_dataset,easycall_voicegram_project_workspace/spectrogram_arrays/messaggio/000143_messaggio.npy
easycall_voicegram_project_workspace/raw_audio/messaggio/toy_messaggio_0024.wav,messaggio,messaggio,toy_speaker_0,toy,,toy_synthetic_dataset,easycall_voicegram_project_workspace/spectrogram_arrays/messaggio/000144_messaggio.npy
easycall_voicegram_project_workspace/raw_audio/messaggio/toy_messaggio_0025.wav,messaggio,messaggio,toy_speaker_1,toy,,toy_synthetic_dataset,easycall_voicegram_project_workspace/spectrogram_arrays/messaggio/000145_messaggio.npy
easycall_voicegram_project_workspace/raw_audio/messaggio/toy_messaggio_0026.wav,messaggio,messaggio,toy_speaker_2,toy,,toy_synthetic_dataset,easycall_voicegram_project_workspace/spectrogram_arrays/messaggio/000146_messaggio.npy
easycall_voicegram_project_workspace/raw_audio/messaggio/toy_messaggio_0027.wav,messaggio,messaggio,toy_speaker_3,toy,,toy_synthetic_dataset,easycall_voicegram_project_workspace/spectrogram_arrays/messaggio/000147_messaggio.npy
easycall_voicegram_project_workspace/raw_audio/messaggio/toy_messaggio_0028.wav,messaggio,messaggio,toy_speaker_4,toy,,toy_synthetic_dataset,easycall_voicegram_project_workspace/spectrogram_arrays/messaggio/000148_messaggio.npy
easycall_voicegram_project_workspace/raw_audio/messaggio/toy_messaggio_0029.wav,messaggio,messaggio,toy_speaker_5,toy,,toy_synthetic_dataset,easycall_voicegram_project_workspace/spectrogram_arrays/messaggio/000149_messaggio.npy
easycall_voicegram_project_workspace/raw_audio/messaggio/toy_messaggio_0030.wav,messaggio,messaggio,toy_speaker_0,toy,,toy_synthetic_dataset,easycall_voicegram_project_workspace/spectrogram_arrays/messaggio/000150_messaggio.npy
easycall_voicegram_project_workspace/raw_audio/messaggio/toy_messaggio_0031.wav,messaggio,messaggio,toy_speaker_1,toy,,toy_synthetic_dataset,easycall_voicegram_project_workspace/spectrogram_arrays/messaggio/000151_messaggio.npy
easycall_voicegram_project_workspace/raw_audio/messaggio/toy_messaggio_0032.wav,messaggio,messaggio,toy_speaker_2,toy,,toy_synthetic_dataset,easycall_voicegram_project_workspace/spectrogram_arrays/messaggio/000152_messaggio.npy
easycall_voicegram_project_workspace/raw_audio/messaggio/toy_messaggio_0033.wav,messaggio,messaggio,toy_speaker_3,toy,,toy_synthetic_dataset,easycall_voicegram_project_workspace/spectrogram_arrays/messaggio/000153_messaggio.npy
easycall_voicegram_project_workspace/raw_audio/messaggio/toy_messaggio_0034.wav,messaggio,messaggio,toy_speaker_4,toy,,toy_synthetic_dataset,easycall_voicegram_project_workspace/spectrogram_arrays/messaggio/000154_messaggio.npy
easycall_voicegram_project_workspace/raw_audio/messaggio/toy_messaggio_0035.wav,messaggio,messaggio,toy_speaker_5,toy,,toy_synthetic_dataset,easycall_voicegram_project_workspace/spectrogram_arrays/messaggio/000155_messaggio.npy
easycall_voicegram_project_workspace/raw_audio/messaggio/toy_messaggio_0036.wav,messaggio,messaggio,toy_speaker_0,toy,,toy_synthetic_dataset,easycall_voicegram_project_workspace/spectrogram_arrays/messaggio/000156_messaggio.npy
easycall_voicegram_project_workspace/raw_audio/messaggio/toy_messaggio_0037.wav,messaggio,messaggio,toy_speaker_1,toy,,toy_synthetic_dataset,easycall_voicegram_project_workspace/spectrogram_arrays/messaggio/000157_messaggio.npy
easycall_voicegram_project_workspace/raw_audio/messaggio/toy_messaggio_0038.wav,messaggio,messaggio,toy_speaker_2,toy,,toy_synthetic_dataset,easycall_voicegram_project_workspace/spectrogram_arrays/messaggio/000158_messaggio.npy
easycall_voicegram_project_workspace/raw_audio/messaggio/toy_messaggio_0039.wav,messaggio,messaggio,toy_speaker_3,toy,,toy_synthetic_dataset,easycall_voicegram_project_workspace/spectrogram_arrays/messaggio/000159_messaggio.npy
